title,subtitle,main_keyword,expanded_keywords,intent,category,quality_score,codex_only_generation_confirmation,slug,internal_links,external_source,cta,meta_title,meta_description,canonical,excerpt,publish_at,template_variation
Health Inspection Star and Inspection Domain: How to Read the Nursing Home Decision,"Use health inspection star with overall rating to read CMS-linked records, compare nearby facilities, and ask better next-step questions.",health inspection star,inspection domain; overall rating; nursing home comparison,Understand which star domain deserves the first look when comparing facilities.,ratings,94,codex-only,inspection-star-weight,/facility.html; /compare.html,https://www.cms.gov/medicare/health-safety-standards/certification-compliance/five-star-quality-rating-system,Open NH-Data comparison tools,Health Inspection Star and Inspection Domain: How to Re...,"health inspection star and inspection domain explained with official source context, practical comparison questions, internal links, and caregiver decision",https://yoyangwon.com/blog/inspection-star-weight/,"CMS weights health inspections heavily because surveyors observe care conditions directly. The overall star is useful, but the inspection star is often the better first screen when you need a safety-focused shortlist.",2026-06-08T05:00:00+09:00,deep-0
"Before You Trust Staffing, Read This Overall Rating vs Domain Scores Guide","A people-first guide to overall rating vs domain scores, quality measures, source dates, internal comparisons, and practical caregiver decisions.",overall rating vs domain scores,health inspections; staffing; quality measures,Use a consistent sequence for reading CMS stars without over-trusting the headline number.,ratings,94,codex-only,overall-rating-vs-domain-scores,/compare.html; /enforcement.html,https://www.cms.gov/medicare/health-safety-standards/certification-compliance/five-star-quality-rating-system,Open NH-Data comparison tools,"Before You Trust Staffing, Read This Overall Rating vs...","overall rating vs domain scores and health inspections explained with official source context, practical comparison questions, internal links, and caregive",https://yoyangwon.com/blog/overall-rating-vs-domain-scores/,"Start with the overall rating for orientation, then break it apart into inspections, staffing, and quality measures before making any comparison.",2026-06-08T10:00:00+09:00,deep-1
One-Star Nursing Home Questions vs. Facility Tour: What Families Should Compare First,"How to connect one-star nursing home questions with CMS star rating so ratings, inspections, staffing, and payment details do not blur together.",one-star nursing home questions,CMS star rating; inspection record; facility tour,Avoid automatic decisions when a low rating needs context.,ratings,95,codex-only,one-star-nursing-home-questions,/listings.html; /facility.html,https://www.cms.gov/medicare/health-safety-standards/certification-compliance/five-star-quality-rating-system,Open NH-Data comparison tools,One-Star Nursing Home Questions vs. Facility Tour: What...,"one-star nursing home questions and CMS star rating explained with official source context, practical comparison questions, internal links, and caregiver d",https://yoyangwon.com/blog/one-star-nursing-home-questions/,"A one-star rating is a serious signal, not a full explanation. Ask what drove the rating, whether the findings are recent, and what has changed since the survey date.",2026-06-08T15:00:00+09:00,deep-2
The Five-Star Nursing Home Risks Checklist for Inspection History and Safer Nursing Home Choices,"A calm, source-based walkthrough of five-star nursing home risks, staffing turnover, common mistakes, and what to verify before admission.",five-star nursing home risks,inspection history; staffing turnover; quality measures,Show why high-rated facilities still need record review.,ratings,96,codex-only,five-star-home-still-risky,/facility.html; /compare.html,https://www.cms.gov/medicare/health-safety-standards/certification-compliance/five-star-quality-rating-system,Open NH-Data comparison tools,The Five-Star Nursing Home Risks Checklist for Inspecti...,"five-star nursing home risks and inspection history explained with official source context, practical comparison questions, internal links, and caregiver d",https://yoyangwon.com/blog/five-star-home-still-risky/,"A five-star rating can narrow the list, but it does not replace reviewing staffing, complaint history, and whether the facility fits the resident's actual needs.",2026-06-08T20:00:00+09:00,deep-3
When Deficiency Correction Matters More Than the Headline: A Nursing Home Rating Change Review,"Learn where nursing home rating change fits beside CMS data refresh, official CMS context, and the questions families should take to a facility.",nursing home rating change,survey cycle; deficiency correction; CMS data refresh,Explain rating movement without overstating what changed.,ratings,97,codex-only,rating-change-after-survey,/compare.html; /enforcement.html,https://www.cms.gov/medicare/health-safety-standards/certification-compliance/five-star-quality-rating-system,Open NH-Data comparison tools,When Deficiency Correction Matters More Than the Headli...,"nursing home rating change and survey cycle explained with official source context, practical comparison questions, internal links, and caregiver decision ",https://yoyangwon.com/blog/rating-change-after-survey/,"A rating change usually reflects new CMS data, not a real-time condition report. Treat the change as a prompt to read the survey record and data date.",2026-06-09T01:00:00+09:00,deep-4
"County Median Nursing Home Rating Explained Through Facility Ranking, CMS Data, and Family Questions","This guide turns county median nursing home rating and local percentile into a concrete comparison process for tours, calls, and shortlist decisions.",county median nursing home rating,local percentile; peer comparison; facility ranking,Teach local context instead of national-only comparison.,ratings,98,codex-only,county-median-rating,/listings.html; /facility.html,https://data.cms.gov/provider-data/,Open NH-Data comparison tools,County Median Nursing Home Rating Explained Through Fac...,"county median nursing home rating and local percentile explained with official source context, practical comparison questions, internal links, and caregive",https://yoyangwon.com/blog/county-median-rating/,"A facility's star rating is easier to interpret beside nearby peers. County median context helps families see whether a home is typical, above local norms, or a clear outlier.",2026-06-09T06:00:00+09:00,deep-5
A Practical State Average Nursing Home Comparison Framework for Reading Local Peer Group,"Read state average nursing home comparison alongside county facilities, source notes, and resident-specific needs before treating one signal as decisive.",state average nursing home comparison,local peer group; county facilities; state benchmark,Clarify geographic benchmarks for caregiver decisions.,ratings,94,codex-only,state-average-vs-local-peer,/facility.html; /compare.html,https://data.cms.gov/provider-data/,Open NH-Data comparison tools,A Practical State Average Nursing Home Comparison Frame...,"state average nursing home comparison and local peer group explained with official source context, practical comparison questions, internal links, and care",https://yoyangwon.com/blog/state-average-vs-local-peer/,"State averages help with broad context, but local peer groups are usually more practical because families choose among facilities they can actually visit.",2026-06-09T11:00:00+09:00,deep-6
What Care Planning Reveals About CMS Star Rating Limits in a Nursing Home Record,"A practical explanation of CMS star rating limits, nursing home selection, official-source limits, and the follow-up checks that reduce guesswork.",CMS star rating limits,resident needs; care planning; nursing home selection,Set safe expectations for rating use.,ratings,94,codex-only,star-rating-not-care-plan,/compare.html; /enforcement.html,https://www.cms.gov/medicare/health-safety-standards/certification-compliance/five-star-quality-rating-system,Open NH-Data comparison tools,What Care Planning Reveals About CMS Star Rating Limits...,"CMS star rating limits and resident needs explained with official source context, practical comparison questions, internal links, and caregiver decision ch",https://yoyangwon.com/blog/star-rating-not-care-plan/,"CMS stars are comparison tools. They do not decide whether a facility can meet a resident's dementia, rehab, language, diet, or mobility needs.",2026-06-09T16:00:00+09:00,deep-7
Nursing Home Rating Data Date: The Survey Timing Questions to Ask Before a Tour,"Use nursing home rating data date with CMS refresh to read CMS-linked records, compare nearby facilities, and ask better next-step questions.",nursing home rating data date,CMS refresh; outdated rating; survey timing,Make readers inspect source dates.,ratings,94,codex-only,rating-data-date-check,/listings.html; /facility.html,https://data.cms.gov/provider-data/,Open NH-Data comparison tools,Nursing Home Rating Data Date: The Survey Timing Questi...,"nursing home rating data date and CMS refresh explained with official source context, practical comparison questions, internal links, and caregiver decisio",https://yoyangwon.com/blog/rating-data-date-check/,The same rating can mean different things depending on when it was refreshed. Always check the CMS data date before treating a score as current.,2026-06-09T21:00:00+09:00,deep-8
Using Nursing Home Rating Tie Breaker and Staffing Hours Without Overreading the Data,"A people-first guide to nursing home rating tie breaker, deficiency severity, source dates, internal comparisons, and practical caregiver decisions.",nursing home rating tie breaker,staffing hours; deficiency severity; distance,Provide decision criteria when ratings match.,ratings,95,codex-only,rating-tie-breakers,/facility.html; /compare.html,https://www.cms.gov/medicare/health-safety-standards/certification-compliance/five-star-quality-rating-system,Open NH-Data comparison tools,Using Nursing Home Rating Tie Breaker and Staffing Hour...,"nursing home rating tie breaker and staffing hours explained with official source context, practical comparison questions, internal links, and caregiver de",https://yoyangwon.com/blog/rating-tie-breakers/,"When ratings are close, use staffing hours, severe deficiencies, distance for family visits, and the facility's correction record as tie breakers.",2026-06-10T02:00:00+09:00,deep-9
RN Hours Nursing Home and PBJ Data: How to Read the Nursing Home Decision,"How to connect RN hours nursing home with resident day so ratings, inspections, staffing, and payment details do not blur together.",RN hours nursing home,registered nurse staffing; PBJ data; resident day,Help readers prioritize raw staffing numbers.,staffing,96,codex-only,rn-hours-first,/compare.html; /enforcement.html,https://data.cms.gov/provider-data/,Open NH-Data comparison tools,RN Hours Nursing Home and PBJ Data: How to Read the Nur...,"RN hours nursing home and registered nurse staffing explained with official source context, practical comparison questions, internal links, and caregiver d",https://yoyangwon.com/blog/rn-hours-first/,"The staffing star is helpful, but RN hours per resident day gives a more concrete view of registered nurse coverage.",2026-06-10T07:00:00+09:00,deep-0
"Before You Trust CMS Staffing Data, Read This Weekend Staffing Nursing Home Guide","A calm, source-based walkthrough of weekend staffing nursing home, nurse coverage, common mistakes, and what to verify before admission.",weekend staffing nursing home,nurse coverage; staffing turnover; CMS staffing data,Explain why weekend patterns deserve attention.,staffing,97,codex-only,weekend-staffing-warning,/listings.html; /facility.html,https://data.cms.gov/provider-data/,Open NH-Data comparison tools,"Before You Trust CMS Staffing Data, Read This Weekend S...","weekend staffing nursing home and nurse coverage explained with official source context, practical comparison questions, internal links, and caregiver deci",https://yoyangwon.com/blog/weekend-staffing-warning/,A facility can look adequate on averages while struggling on weekends. Ask how weekend coverage compares with weekday staffing before relying on a single number.,2026-06-10T12:00:00+09:00,deep-1
Nurse Turnover Nursing Home vs. Staff Stability: What Families Should Compare First,"Learn where nurse turnover nursing home fits beside resident care, official CMS context, and the questions families should take to a facility.",nurse turnover nursing home,staff stability; resident care; CMS data,Interpret turnover carefully.,staffing,98,codex-only,nurse-turnover-meaning,/facility.html; /compare.html,https://data.cms.gov/provider-data/,Open NH-Data comparison tools,Nurse Turnover Nursing Home vs. Staff Stability: What F...,"nurse turnover nursing home and staff stability explained with official source context, practical comparison questions, internal links, and caregiver decis",https://yoyangwon.com/blog/nurse-turnover-meaning/,"High turnover can indicate instability, but it is not a diagnosis. Use it to ask about continuity, agency staffing, and how residents are assigned caregivers.",2026-06-10T17:00:00+09:00,deep-2
The Total Nurse Hours vs RN Hours Checklist for CNA and Safer Nursing Home Choices,"This guide turns total nurse hours vs RN hours and staffing mix into a concrete comparison process for tours, calls, and shortlist decisions.",total nurse hours vs RN hours,LPN; CNA; staffing mix; PBJ,Differentiate staffing metrics.,staffing,94,codex-only,total-nurse-hours-vs-rn-hours,/compare.html; /enforcement.html,https://data.cms.gov/provider-data/,Open NH-Data comparison tools,The Total Nurse Hours vs RN Hours Checklist for CNA and...,"total nurse hours vs RN hours and LPN explained with official source context, practical comparison questions, internal links, and caregiver decision checks",https://yoyangwon.com/blog/total-nurse-hours-vs-rn-hours/,"Total nurse hours show broad coverage; RN hours show registered nurse availability. Both matter, but they answer different care questions.",2026-06-10T22:00:00+09:00,deep-3
When Turnover Matters More Than the Headline: A Staffing Star Nursing Home Review,"Read staffing star nursing home alongside PBJ staffing, source notes, and resident-specific needs before treating one signal as decisive.",staffing star nursing home,PBJ staffing; RN hours; turnover,Prevent overreliance on one star.,staffing,94,codex-only,staffing-star-not-enough,/listings.html; /facility.html,https://www.cms.gov/medicare/health-safety-standards/certification-compliance/five-star-quality-rating-system,Open NH-Data comparison tools,When Turnover Matters More Than the Headline: A Staffin...,"staffing star nursing home and PBJ staffing explained with official source context, practical comparison questions, internal links, and caregiver decision ",https://yoyangwon.com/blog/staffing-star-not-enough/,"The staffing star summarizes several inputs. Families should still read raw hours, turnover, and whether staffing aligns with the resident's needs.",2026-06-11T03:00:00+09:00,deep-4
"Low RN Hours Nursing Home Explained Through Facility Tour Questions, CMS Data, and Family Questions","A practical explanation of low RN hours nursing home, staffing schedule, official-source limits, and the follow-up checks that reduce guesswork.",low RN hours nursing home,facility tour questions; staffing schedule; nursing coverage,Give practical tour questions.,staffing,94,codex-only,low-rn-hours-tour,/facility.html; /compare.html,https://data.cms.gov/provider-data/,Open NH-Data comparison tools,Low RN Hours Nursing Home Explained Through Facility To...,"low RN hours nursing home and facility tour questions explained with official source context, practical comparison questions, internal links, and caregiver",https://yoyangwon.com/blog/low-rn-hours-tour/,"Low RN hours should lead to specific questions: who covers nights, how care plans are updated, and how quickly nurses respond when conditions change.",2026-06-11T08:00:00+09:00,deep-5
A Practical Payroll-Based Journal Nursing Home Framework for Reading CMS Staffing,"Use Payroll-Based Journal nursing home with reported hours to read CMS-linked records, compare nearby facilities, and ask better next-step questions.",Payroll-Based Journal nursing home,PBJ data; CMS staffing; reported hours,Explain the staffing data source.,staffing,95,codex-only,payroll-based-journal-basics,/compare.html; /enforcement.html,https://data.cms.gov/provider-data/,Open NH-Data comparison tools,A Practical Payroll-Based Journal Nursing Home Framewor...,"Payroll-Based Journal nursing home and PBJ data explained with official source context, practical comparison questions, internal links, and caregiver decis",https://yoyangwon.com/blog/payroll-based-journal-basics/,"Payroll-Based Journal data is the source behind CMS staffing measures. It is more concrete than a brochure claim, but still needs context.",2026-06-11T13:00:00+09:00,deep-6
What Nurse Staffing Reveals About Rehab vs Long-Term Care Staffing in a Nursing Home Record,"A people-first guide to rehab vs long-term care staffing, nursing home rehab, source dates, internal comparisons, and practical caregiver decisions.",rehab vs long-term care staffing,nursing home rehab; long stay resident; nurse staffing,Separate two common use cases.,staffing,96,codex-only,staffing-for-rehab-vs-long-stay,/listings.html; /facility.html,https://www.medicare.gov/coverage/nursing-home-care,Open NH-Data comparison tools,What Nurse Staffing Reveals About Rehab vs Long-Term Ca...,"rehab vs long-term care staffing and nursing home rehab explained with official source context, practical comparison questions, internal links, and caregiv",https://yoyangwon.com/blog/staffing-for-rehab-vs-long-stay/,A short rehab stay and a long-term placement can require different staffing questions. Match the staffing review to the resident's care goal.,2026-06-11T18:00:00+09:00,deep-7
Nursing Home Staffing Shortage Red Flags: The Call Light Response Questions to Ask Before a Tour,"How to connect nursing home staffing shortage red flags with agency staff so ratings, inspections, staffing, and payment details do not blur together.",nursing home staffing shortage red flags,call light response; agency staff; turnover,Translate staffing data into observations.,staffing,97,codex-only,staffing-shortage-red-flags,/facility.html; /compare.html,https://data.cms.gov/provider-data/,Open NH-Data comparison tools,Nursing Home Staffing Shortage Red Flags: The Call Ligh...,"nursing home staffing shortage red flags and call light response explained with official source context, practical comparison questions, internal links, an",https://yoyangwon.com/blog/staffing-shortage-red-flags/,"CMS staffing numbers are a starting point. On a visit, listen for repeated delays, unfamiliar agency staff, and rushed care routines.",2026-06-11T23:00:00+09:00,deep-8
Using Night Shift Nursing Home Staffing and Nurse Availability Without Overreading the Data,"A calm, source-based walkthrough of night shift nursing home staffing, resident safety, common mistakes, and what to verify before admission.",night shift nursing home staffing,overnight care; nurse availability; resident safety,Cover an under-discussed staffing angle.,staffing,98,codex-only,night-shift-questions,/compare.html; /enforcement.html,https://data.cms.gov/provider-data/,Open NH-Data comparison tools,Using Night Shift Nursing Home Staffing and Nurse Avail...,"night shift nursing home staffing and overnight care explained with official source context, practical comparison questions, internal links, and caregiver ",https://yoyangwon.com/blog/night-shift-questions/,"Families often tour during business hours. Ask who is on duty overnight, how changes are escalated, and how families are contacted after hours.",2026-06-12T04:00:00+09:00,deep-9
F-tag Nursing Home and Survey Report: How to Read the Nursing Home Decision,"Learn where F-tag nursing home fits beside deficiency code, official CMS context, and the questions families should take to a facility.",F-tag nursing home,deficiency code; CMS inspection; survey report,Explain F-tags plainly.,inspections,94,codex-only,ftag-meaning,/listings.html; /facility.html,https://www.cms.gov/medicare/health-safety-standards/enforcement/nursing-home-enforcement,Open NH-Data comparison tools,F-tag Nursing Home and Survey Report: How to Read the N...,"F-tag nursing home and deficiency code explained with official source context, practical comparison questions, internal links, and caregiver decision check",https://yoyangwon.com/blog/ftag-meaning/,"An F-tag is a federal deficiency code used in inspection reports. It tells you the rule area involved, but not the whole story without scope and severity.",2026-06-12T09:00:00+09:00,deep-0
"Before You Trust Deficiency Severity, Read This Scope And Severity Nursing Home Guide","This guide turns scope and severity nursing home and actual harm into a concrete comparison process for tours, calls, and shortlist decisions.",scope and severity nursing home,deficiency severity; actual harm; immediate jeopardy,Teach severity interpretation.,inspections,94,codex-only,scope-severity-grid,/facility.html; /compare.html,https://www.cms.gov/medicare/health-safety-standards/enforcement/nursing-home-enforcement,Open NH-Data comparison tools,"Before You Trust Deficiency Severity, Read This Scope A...","scope and severity nursing home and deficiency severity explained with official source context, practical comparison questions, internal links, and caregiv",https://yoyangwon.com/blog/scope-severity-grid/,Scope describes how widespread a problem is; severity describes how serious the harm or risk was. Read them together.,2026-06-12T14:00:00+09:00,deep-1
Actual Harm Nursing Home Citation vs. Inspection Finding: What Families Should Compare First,"Read actual harm nursing home citation alongside CMS, source notes, and resident-specific needs before treating one signal as decisive.",actual harm nursing home citation,deficiency severity; inspection finding; CMS,Explain a high-stakes term neutrally.,inspections,94,codex-only,actual-harm-explained,/compare.html; /enforcement.html,https://www.cms.gov/medicare/health-safety-standards/enforcement/nursing-home-enforcement,Open NH-Data comparison tools,Actual Harm Nursing Home Citation vs. Inspection Findin...,"actual harm nursing home citation and deficiency severity explained with official source context, practical comparison questions, internal links, and careg",https://yoyangwon.com/blog/actual-harm-explained/,"Actual harm means surveyors found that a resident experienced harm connected to the cited failure. It deserves careful review, not sensational wording.",2026-06-12T19:00:00+09:00,deep-2
The Immediate Jeopardy Nursing Home Checklist for Correction Plan and Safer Nursing Home Choices,"A practical explanation of immediate jeopardy nursing home, CMS citation, official-source limits, and the follow-up checks that reduce guesswork.",immediate jeopardy nursing home,CMS citation; enforcement; correction plan,Handle severe findings responsibly.,inspections,95,codex-only,immediate-jeopardy-next-steps,/listings.html; /facility.html,https://www.cms.gov/medicare/health-safety-standards/enforcement/nursing-home-enforcement,Open NH-Data comparison tools,The Immediate Jeopardy Nursing Home Checklist for Corre...,"immediate jeopardy nursing home and CMS citation explained with official source context, practical comparison questions, internal links, and caregiver deci",https://yoyangwon.com/blog/immediate-jeopardy-next-steps/,"Immediate jeopardy is among the most serious CMS findings. Read the date, what happened, whether jeopardy was removed, and what enforcement followed.",2026-06-13T00:00:00+09:00,deep-3
When Standard Survey Matters More Than the Headline: A Complaint Survey Nursing Home Review,"Use complaint survey nursing home with inspection record to read CMS-linked records, compare nearby facilities, and ask better next-step questions.",complaint survey nursing home,standard survey; inspection record; CMS findings,Differentiate survey types.,inspections,96,codex-only,complaint-survey-vs-standard-survey,/facility.html; /compare.html,https://www.cms.gov/medicare/health-safety-standards/enforcement/nursing-home-enforcement,Open NH-Data comparison tools,When Standard Survey Matters More Than the Headline: A...,"complaint survey nursing home and standard survey explained with official source context, practical comparison questions, internal links, and caregiver dec",https://yoyangwon.com/blog/complaint-survey-vs-standard-survey/,"A complaint survey responds to a specific concern; a standard survey reviews broader compliance. Both can matter, but they answer different questions.",2026-06-13T05:00:00+09:00,deep-4
"Old Nursing Home Deficiencies Explained Through Correction, CMS Data, and Family Questions","A people-first guide to old nursing home deficiencies, inspection history, source dates, internal comparisons, and practical caregiver decisions.",old nursing home deficiencies,survey date; correction; inspection history,Explain time context.,inspections,97,codex-only,old-deficiency-current-decision,/compare.html; /enforcement.html,https://www.cms.gov/medicare/health-safety-standards/enforcement/nursing-home-enforcement,Open NH-Data comparison tools,Old Nursing Home Deficiencies Explained Through Correct...,"old nursing home deficiencies and survey date explained with official source context, practical comparison questions, internal links, and caregiver decisio",https://yoyangwon.com/blog/old-deficiency-current-decision/,"An old deficiency should not be ignored, but it should be read with the correction date, pattern, and whether similar findings repeated.",2026-06-13T10:00:00+09:00,deep-5
A Practical Repeat Nursing Home Deficiencies Framework for Reading CMS Data,"How to connect repeat nursing home deficiencies with inspection pattern so ratings, inspections, staffing, and payment details do not blur together.",repeat nursing home deficiencies,inspection pattern; recurring citations; CMS data,Focus on patterns.,inspections,98,codex-only,repeat-deficiencies,/listings.html; /facility.html,https://www.cms.gov/medicare/health-safety-standards/enforcement/nursing-home-enforcement,Open NH-Data comparison tools,A Practical Repeat Nursing Home Deficiencies Framework...,"repeat nursing home deficiencies and inspection pattern explained with official source context, practical comparison questions, internal links, and caregiv",https://yoyangwon.com/blog/repeat-deficiencies/,One citation may show a problem on a survey date. Repeated citations in the same area can suggest a harder operational issue.,2026-06-13T15:00:00+09:00,deep-6
What F-880 Reveals About Infection Control Nursing Home Citation in a Nursing Home Record,"A calm, source-based walkthrough of infection control nursing home citation, survey findings, common mistakes, and what to verify before admission.",infection control nursing home citation,F-880; survey findings; resident safety,Explain common infection citation context.,inspections,94,codex-only,infection-control-citations,/facility.html; /compare.html,https://www.cms.gov/medicare/health-safety-standards/enforcement/nursing-home-enforcement,Open NH-Data comparison tools,What F-880 Reveals About Infection Control Nursing Home...,"infection control nursing home citation and F-880 explained with official source context, practical comparison questions, internal links, and caregiver dec",https://yoyangwon.com/blog/infection-control-citations/,"Infection control findings vary widely. Look at severity, whether residents were harmed, and whether the issue was isolated or widespread.",2026-06-13T20:00:00+09:00,deep-7
Accident Hazard Citation Nursing Home: The F-689 Questions to Ask Before a Tour,"Learn where accident hazard citation nursing home fits beside deficiency report, official CMS context, and the questions families should take to a facility.",accident hazard citation nursing home,fall risk; F-689; deficiency report,Connect a common citation to decision questions.,inspections,94,codex-only,accident-hazard-citations,/compare.html; /enforcement.html,https://www.cms.gov/medicare/health-safety-standards/enforcement/nursing-home-enforcement,Open NH-Data comparison tools,Accident Hazard Citation Nursing Home: The F-689 Questi...,"accident hazard citation nursing home and fall risk explained with official source context, practical comparison questions, internal links, and caregiver d",https://yoyangwon.com/blog/accident-hazard-citations/,"Accident hazard citations often relate to supervision, environment, or care planning. The key is whether the finding was isolated, repeated, or harmful.",2026-06-14T01:00:00+09:00,deep-8
Using Food Sanitation Nursing Home Citation and Potential Harm Without Overreading the Data,"This guide turns food sanitation nursing home citation and F-812 into a concrete comparison process for tours, calls, and shortlist decisions.",food sanitation nursing home citation,F-812; kitchen inspection; potential harm,Make a lower-severity category useful.,inspections,94,codex-only,food-sanitation-citations,/listings.html; /facility.html,https://www.cms.gov/medicare/health-safety-standards/enforcement/nursing-home-enforcement,Open NH-Data comparison tools,Using Food Sanitation Nursing Home Citation and Potenti...,"food sanitation nursing home citation and F-812 explained with official source context, practical comparison questions, internal links, and caregiver decis",https://yoyangwon.com/blog/food-sanitation-citations/,Food sanitation findings can range from documentation issues to broader safety problems. Severity and repetition decide how much weight to give them.,2026-06-14T06:00:00+09:00,deep-9
Civil Money Penalty Nursing Home and CMS Fine: How to Read the Nursing Home Decision,"Read civil money penalty nursing home alongside enforcement remedy, source notes, and resident-specific needs before treating one signal as decisive.",civil money penalty nursing home,CMS fine; enforcement remedy; compliance,Explain fines as enforcement remedies.,enforcement,95,codex-only,civil-money-penalty,/facility.html; /compare.html,https://www.cms.gov/medicare/health-safety-standards/enforcement/nursing-home-enforcement,Open NH-Data comparison tools,Civil Money Penalty Nursing Home and CMS Fine: How to R...,"civil money penalty nursing home and CMS fine explained with official source context, practical comparison questions, internal links, and caregiver decisio",https://yoyangwon.com/blog/civil-money-penalty/,"A civil money penalty means CMS imposed a financial remedy for noncompliance. The amount, date, and underlying deficiency matter more than the fact of a fine alone.",2026-06-14T11:00:00+09:00,deep-0
"Before You Trust New Admissions, Read This Denial Of Payment Nursing Home Guide","A practical explanation of denial of payment nursing home, compliance remedy, official-source limits, and the follow-up checks that reduce guesswork.",denial of payment nursing home,CMS enforcement; new admissions; compliance remedy,Explain a specific enforcement action.,enforcement,96,codex-only,denial-of-payment,/compare.html; /enforcement.html,https://www.cms.gov/medicare/health-safety-standards/enforcement/nursing-home-enforcement,Open NH-Data comparison tools,"Before You Trust New Admissions, Read This Denial Of Pa...","denial of payment nursing home and CMS enforcement explained with official source context, practical comparison questions, internal links, and caregiver de",https://yoyangwon.com/blog/denial-of-payment/,Denial of payment for new admissions is a serious remedy that can signal unresolved compliance problems. Read it alongside survey findings and dates.,2026-06-14T16:00:00+09:00,deep-1
Nursing Home Termination Medicare Medicaid vs. Compliance: What Families Should Compare First,"Use nursing home termination Medicare Medicaid with CMS enforcement to read CMS-linked records, compare nearby facilities, and ask better next-step questions.",nursing home termination Medicare Medicaid,CMS enforcement; provider agreement; compliance,Explain rare severe action.,enforcement,97,codex-only,termination-warning,/listings.html; /facility.html,https://www.cms.gov/medicare/health-safety-standards/enforcement/nursing-home-enforcement,Open NH-Data comparison tools,Nursing Home Termination Medicare Medicaid vs. Complian...,"nursing home termination Medicare Medicaid and CMS enforcement explained with official source context, practical comparison questions, internal links, and ",https://yoyangwon.com/blog/termination-warning/,"Termination is not common, but it is one of the clearest signs that regulators found serious unresolved compliance failure.",2026-06-14T21:00:00+09:00,deep-2
The Nursing Home Fine Amount Checklist for Civil Money Penalty and Safer Nursing Home Choices,"A people-first guide to nursing home fine amount, severity, source dates, internal comparisons, and practical caregiver decisions.",nursing home fine amount,civil money penalty; severity; citation date,Add nuance to penalty amounts.,enforcement,98,codex-only,fine-amount-context,/facility.html; /compare.html,https://www.cms.gov/medicare/health-safety-standards/enforcement/nursing-home-enforcement,Open NH-Data comparison tools,The Nursing Home Fine Amount Checklist for Civil Money...,"nursing home fine amount and civil money penalty explained with official source context, practical comparison questions, internal links, and caregiver deci",https://yoyangwon.com/blog/fine-amount-context/,"Fine size matters, but context matters too: per-day versus per-instance penalties, severity, duration, and whether similar issues repeated.",2026-06-15T02:00:00+09:00,deep-3
When Deficiencies Matters More Than the Headline: A Nursing Home Enforcement Timeline Review,"How to connect nursing home enforcement timeline with correction so ratings, inspections, staffing, and payment details do not blur together.",nursing home enforcement timeline,penalties; surveys; deficiencies; correction,Teach chronological review.,enforcement,94,codex-only,enforcement-timeline,/compare.html; /enforcement.html,https://www.cms.gov/medicare/health-safety-standards/enforcement/nursing-home-enforcement,Open NH-Data comparison tools,When Deficiencies Matters More Than the Headline: A Nur...,"nursing home enforcement timeline and penalties explained with official source context, practical comparison questions, internal links, and caregiver decis",https://yoyangwon.com/blog/enforcement-timeline/,"Put enforcement actions in date order. A timeline shows whether a facility improved, repeated problems, or moved from low-level citations to serious remedies.",2026-06-15T07:00:00+09:00,deep-4
"Abuse Icon Threshold Nursing Home Explained Through Inspection, CMS Data, and Family Questions","A calm, source-based walkthrough of abuse icon threshold nursing home, CMS abuse icon, common mistakes, and what to verify before admission.",abuse icon threshold nursing home,CMS abuse icon; citation; inspection,Explain abuse icon with careful wording.,enforcement,94,codex-only,abuse-icon-threshold,/listings.html; /facility.html,https://www.cms.gov/medicare/health-safety-standards/certification-compliance/five-star-quality-rating-system,Open NH-Data comparison tools,Abuse Icon Threshold Nursing Home Explained Through Ins...,"abuse icon threshold nursing home and CMS abuse icon explained with official source context, practical comparison questions, internal links, and caregiver ",https://yoyangwon.com/blog/abuse-icon-threshold/,The abuse icon follows CMS criteria. Families should read the underlying citation and date instead of treating the icon as the entire story.,2026-06-15T12:00:00+09:00,deep-5
A Practical Special Focus Candidate Nursing Home Framework for Reading SFF,"Learn where Special Focus candidate nursing home fits beside CMS list, official CMS context, and the questions families should take to a facility.",Special Focus candidate nursing home,SFF; CMS list; persistent poor performance,Differentiate related statuses.,enforcement,94,codex-only,sff-watch-list,/facility.html; /compare.html,https://www.cms.gov/medicare/health-safety-standards/enforcement/nursing-home-enforcement,Open NH-Data comparison tools,A Practical Special Focus Candidate Nursing Home Framew...,"Special Focus candidate nursing home and SFF explained with official source context, practical comparison questions, internal links, and caregiver decision",https://yoyangwon.com/blog/sff-watch-list/,"A Special Focus Facility and a candidate are not the same status. Both deserve attention, but the regulatory meaning differs.",2026-06-15T17:00:00+09:00,deep-6
What CMS Survey Reveals About Nursing Home Plan Of Correction in a Nursing Home Record,"This guide turns nursing home plan of correction and compliance into a concrete comparison process for tours, calls, and shortlist decisions.",nursing home plan of correction,inspection response; CMS survey; compliance,Explain correction plans.,enforcement,95,codex-only,correction-plan-meaning,/compare.html; /enforcement.html,https://www.cms.gov/medicare/health-safety-standards/enforcement/nursing-home-enforcement,Open NH-Data comparison tools,What CMS Survey Reveals About Nursing Home Plan Of Corr...,"nursing home plan of correction and inspection response explained with official source context, practical comparison questions, internal links, and caregiv",https://yoyangwon.com/blog/correction-plan-meaning/,"A plan of correction shows how a facility said it would address findings. It is useful, but families should also look for later surveys showing whether the issue stayed fixed.",2026-06-15T22:00:00+09:00,deep-7
Nursing Home Penalty After Correction: The Enforcement Timing Questions to Ask Before a Tour,"Read nursing home penalty after correction alongside CMS remedy, source notes, and resident-specific needs before treating one signal as decisive.",nursing home penalty after correction,CMS remedy; survey date; enforcement timing,Explain timing confusion.,enforcement,96,codex-only,penalty-after-correction,/listings.html; /facility.html,https://www.cms.gov/medicare/health-safety-standards/enforcement/nursing-home-enforcement,Open NH-Data comparison tools,Nursing Home Penalty After Correction: The Enforcement...,"nursing home penalty after correction and CMS remedy explained with official source context, practical comparison questions, internal links, and caregiver ",https://yoyangwon.com/blog/penalty-after-correction/,"Enforcement records often lag the event and correction. Compare survey dates, remedy dates, and publication dates before drawing conclusions.",2026-06-16T03:00:00+09:00,deep-8
Using Nursing Home No Fines and Deficiencies Without Overreading the Data,"A practical explanation of nursing home no fines, enforcement remedies, official-source limits, and the follow-up checks that reduce guesswork.",nursing home no fines,deficiencies; enforcement remedies; CMS records,Prevent false reassurance.,enforcement,97,codex-only,no-fines-not-clean-record,/facility.html; /compare.html,https://www.cms.gov/medicare/health-safety-standards/enforcement/nursing-home-enforcement,Open NH-Data comparison tools,Using Nursing Home No Fines and Deficiencies Without Ov...,"nursing home no fines and deficiencies explained with official source context, practical comparison questions, internal links, and caregiver decision check",https://yoyangwon.com/blog/no-fines-not-clean-record/,"Some deficiencies do not lead to fines. A no-fine record should still be checked against citations, severity, and complaint findings.",2026-06-16T08:00:00+09:00,deep-9
Medicare Skilled Nursing Limits and Rehab Stay: How to Read the Nursing Home Decision,"Use Medicare skilled nursing limits with nursing home care to read CMS-linked records, compare nearby facilities, and ask better next-step questions.",Medicare skilled nursing limits,SNF coverage; rehab stay; nursing home care,Clarify Medicare coverage boundaries.,payment,98,codex-only,medicare-skilled-nursing-limits,/compare.html; /enforcement.html,https://www.medicare.gov/coverage/nursing-home-care,Open NH-Data comparison tools,Medicare Skilled Nursing Limits and Rehab Stay: How to...,"Medicare skilled nursing limits and SNF coverage explained with official source context, practical comparison questions, internal links, and caregiver deci",https://yoyangwon.com/blog/medicare-skilled-nursing-limits/,"Medicare may cover skilled nursing facility care after qualifying conditions, but it does not generally pay for indefinite custodial long-term care.",2026-06-16T13:00:00+09:00,deep-0
"Before You Trust Nursing Facility, Read This Medicaid Long-Term Care Nursing Home Guide","A people-first guide to Medicaid long-term care nursing home, eligibility, source dates, internal comparisons, and practical caregiver decisions.",Medicaid long-term care nursing home,eligibility; long-term services; nursing facility,Explain Medicaid role at a high level.,payment,94,codex-only,medicaid-long-term-care-basics,/listings.html; /facility.html,https://www.medicaid.gov/medicaid/long-term-services-supports/index.html,Open NH-Data comparison tools,"Before You Trust Nursing Facility, Read This Medicaid L...","Medicaid long-term care nursing home and eligibility explained with official source context, practical comparison questions, internal links, and caregiver ",https://yoyangwon.com/blog/medicaid-long-term-care-basics/,"Medicaid is a major payer for long-term nursing facility care, but eligibility and rules vary by state. Use it as a payment path to investigate early.",2026-06-16T18:00:00+09:00,deep-1
Private Pay Nursing Home Questions vs. Billing: What Families Should Compare First,"How to connect private pay nursing home questions with long-term care so ratings, inspections, staffing, and payment details do not blur together.",private pay nursing home questions,daily rate; deposit; billing; long-term care,Give practical payment questions.,payment,94,codex-only,private-pay-questions,/facility.html; /compare.html,https://acl.gov/ltc,Open NH-Data comparison tools,Private Pay Nursing Home Questions vs. Billing: What Fa...,"private pay nursing home questions and daily rate explained with official source context, practical comparison questions, internal links, and caregiver dec",https://yoyangwon.com/blog/private-pay-questions/,"Private-pay pricing can change the shortlist quickly. Ask what is included, how rates change, and what happens if Medicaid eligibility is later needed.",2026-06-16T23:00:00+09:00,deep-2
The Dual Eligible Nursing Home Checklist for Skilled Care and Safer Nursing Home Choices,"A calm, source-based walkthrough of dual eligible nursing home, long-term care, common mistakes, and what to verify before admission.",dual eligible nursing home,Medicare Medicaid; skilled care; long-term care,Explain payer interaction without legal advice.,payment,94,codex-only,dual-eligible-search,/compare.html; /enforcement.html,https://www.medicare.gov/coverage/nursing-home-care,Open NH-Data comparison tools,The Dual Eligible Nursing Home Checklist for Skilled Ca...,"dual eligible nursing home and Medicare Medicaid explained with official source context, practical comparison questions, internal links, and caregiver deci",https://yoyangwon.com/blog/dual-eligible-search/,Dual eligibility can involve both short-term skilled coverage and long-term Medicaid rules. Ask each facility how it handles transitions between payer sources.,2026-06-17T04:00:00+09:00,deep-3
When Payment Risk Matters More Than the Headline: A Medicaid Pending Nursing Home Review,"Learn where Medicaid pending nursing home fits beside eligibility application, official CMS context, and the questions families should take to a facility.",Medicaid pending nursing home,eligibility application; admission policy; payment risk,Handle a common admission issue.,payment,95,codex-only,medicaid-pending,/listings.html; /facility.html,https://www.medicaid.gov/medicaid/long-term-services-supports/index.html,Open NH-Data comparison tools,When Payment Risk Matters More Than the Headline: A Med...,"Medicaid pending nursing home and eligibility application explained with official source context, practical comparison questions, internal links, and careg",https://yoyangwon.com/blog/medicaid-pending/,"Some facilities accept residents while Medicaid is pending; others do not. Ask about written policy, documentation, and resident responsibility during the pending period.",2026-06-17T09:00:00+09:00,deep-4
"Rehab To Long-Term Care Nursing Home Explained Through Medicare SNF, CMS Data, and Family Questions","This guide turns rehab to long-term care nursing home and Medicaid into a concrete comparison process for tours, calls, and shortlist decisions.",rehab to long-term care nursing home,Medicare SNF; Medicaid; care transition,Explain transition planning.,payment,96,codex-only,rehab-to-long-term-transition,/facility.html; /compare.html,https://www.medicare.gov/coverage/nursing-home-care,Open NH-Data comparison tools,Rehab To Long-Term Care Nursing Home Explained Through...,"rehab to long-term care nursing home and Medicare SNF explained with official source context, practical comparison questions, internal links, and caregiver",https://yoyangwon.com/blog/rehab-to-long-term-transition/,"A short rehab stay can become a long-term placement. Recheck staffing, inspection history, and payment fit before assuming the same facility remains the best choice.",2026-06-17T14:00:00+09:00,deep-5
A Practical Out-Of-Pocket Nursing Home Costs Framework for Reading Billing,"Read out-of-pocket nursing home costs alongside coverage limits, source notes, and resident-specific needs before treating one signal as decisive.",out-of-pocket nursing home costs,private pay; billing; coverage limits,Warn against relying on averages.,payment,97,codex-only,out-of-pocket-warning,/compare.html; /enforcement.html,https://acl.gov/ltc,Open NH-Data comparison tools,A Practical Out-Of-Pocket Nursing Home Costs Framework...,"out-of-pocket nursing home costs and private pay explained with official source context, practical comparison questions, internal links, and caregiver deci",https://yoyangwon.com/blog/out-of-pocket-warning/,"Public data can help compare quality, but it cannot replace a written cost estimate from the facility and payer-specific coverage review.",2026-06-17T19:00:00+09:00,deep-6
What State Agency Reveals About State Medicaid Nursing Home Rules in a Nursing Home Record,"A practical explanation of state Medicaid nursing home rules, eligibility, official-source limits, and the follow-up checks that reduce guesswork.",state Medicaid nursing home rules,eligibility; long-term care; state agency,Explain state variation.,payment,98,codex-only,state-medicaid-differences,/listings.html; /facility.html,https://www.medicaid.gov/medicaid/long-term-services-supports/index.html,Open NH-Data comparison tools,What State Agency Reveals About State Medicaid Nursing...,"state Medicaid nursing home rules and eligibility explained with official source context, practical comparison questions, internal links, and caregiver dec",https://yoyangwon.com/blog/state-medicaid-differences/,"Medicaid nursing facility rules are state-administered. Families comparing across state lines should verify eligibility, bed availability, and application steps separately.",2026-06-18T00:00:00+09:00,deep-7
Care Compare Payment Fit: The Medicare Care Compare Questions to Ask Before a Tour,"Use Care Compare payment fit with costs to read CMS-linked records, compare nearby facilities, and ask better next-step questions.",Care Compare payment fit,Medicare Care Compare; costs; coverage,Set expectations for tools.,payment,94,codex-only,medicare-compare-payment-fit,/facility.html; /compare.html,https://www.medicare.gov/care-compare/,Open NH-Data comparison tools,Care Compare Payment Fit: The Medicare Care Compare Que...,"Care Compare payment fit and Medicare Care Compare explained with official source context, practical comparison questions, internal links, and caregiver de",https://yoyangwon.com/blog/medicare-compare-payment-fit/,"Care Compare is useful for quality and inspection signals, but payment fit still requires checking Medicare, Medicaid, private pay, and facility billing policies.",2026-06-18T05:00:00+09:00,deep-8
Using Nursing Home Business Office Questions and Medicaid Application Without Overreading the Data,"A people-first guide to nursing home business office questions, private pay, source dates, internal comparisons, and practical caregiver decisions.",nursing home business office questions,billing; Medicaid application; private pay,Create a financial checklist.,payment,94,codex-only,financial-office-questions,/compare.html; /enforcement.html,https://acl.gov/ltc,Open NH-Data comparison tools,Using Nursing Home Business Office Questions and Medica...,"nursing home business office questions and billing explained with official source context, practical comparison questions, internal links, and caregiver de",https://yoyangwon.com/blog/financial-office-questions/,"Before admission, speak with the business office about accepted payers, rate changes, deposits, Medicaid pending policy, and written notices.",2026-06-18T10:00:00+09:00,deep-9
Nursing Home Shortlist and CMS Data: How to Read the Nursing Home Decision,"How to connect nursing home shortlist with compare facilities so ratings, inspections, staffing, and payment details do not blur together.",nursing home shortlist,compare facilities; caregiver decision; CMS data,Make data usable.,decision,94,codex-only,shortlist-three-facilities,/listings.html; /facility.html,https://www.medicare.gov/care-compare/,Open NH-Data comparison tools,Nursing Home Shortlist and CMS Data: How to Read the Nu...,"nursing home shortlist and compare facilities explained with official source context, practical comparison questions, internal links, and caregiver decisio",https://yoyangwon.com/blog/shortlist-three-facilities/,"A three-facility shortlist keeps the decision realistic. Choose one strong data match, one convenient option, and one backup with acceptable records.",2026-06-18T15:00:00+09:00,deep-0
"Before You Trust Location, Read This Nursing Home Distance Family Visits Guide","A calm, source-based walkthrough of nursing home distance family visits, caregiver visits, common mistakes, and what to verify before admission.",nursing home distance family visits,location; caregiver visits; facility comparison,Add practical context beyond ratings.,decision,95,codex-only,family-visit-distance,/facility.html; /compare.html,https://acl.gov/ltc,Open NH-Data comparison tools,"Before You Trust Location, Read This Nursing Home Dista...","nursing home distance family visits and location explained with official source context, practical comparison questions, internal links, and caregiver deci",https://yoyangwon.com/blog/family-visit-distance/,Public data does not measure how often family can visit. A slightly lower-rated nearby facility may be safer than a distant facility no one can monitor.,2026-06-18T20:00:00+09:00,deep-1
Hospital Discharge Nursing Home Choice vs. Rehab Placement: What Families Should Compare First,"Learn where hospital discharge nursing home choice fits beside quick decision, official CMS context, and the questions families should take to a facility.",hospital discharge nursing home choice,shortlist; rehab placement; quick decision,Prioritize under time pressure.,decision,96,codex-only,hospital-discharge-rush,/compare.html; /enforcement.html,https://www.medicare.gov/coverage/nursing-home-care,Open NH-Data comparison tools,Hospital Discharge Nursing Home Choice vs. Rehab Placem...,"hospital discharge nursing home choice and shortlist explained with official source context, practical comparison questions, internal links, and caregiver ",https://yoyangwon.com/blog/hospital-discharge-rush/,"When discharge timing is tight, check inspection star, RN hours, severe deficiencies, and whether the facility handles the resident's specific condition.",2026-06-19T01:00:00+09:00,deep-2
The Dementia Care Nursing Home Questions Checklist for Staffing and Safer Nursing Home Choices,"This guide turns dementia care nursing home questions and safety into a concrete comparison process for tours, calls, and shortlist decisions.",dementia care nursing home questions,memory care; staffing; safety; facility tour,Highlight fit questions.,decision,97,codex-only,dementia-care-questions,/listings.html; /facility.html,https://acl.gov/ltc,Open NH-Data comparison tools,The Dementia Care Nursing Home Questions Checklist for...,"dementia care nursing home questions and memory care explained with official source context, practical comparison questions, internal links, and caregiver ",https://yoyangwon.com/blog/dementia-care-questions/,"CMS ratings help screen facilities, but dementia care requires questions about supervision, routines, staff training, and behavior support.",2026-06-19T06:00:00+09:00,deep-3
When Accident Hazards Matters More Than the Headline: A Nursing Home Fall Risk Comparison Review,"Read nursing home fall risk comparison alongside staffing, source notes, and resident-specific needs before treating one signal as decisive.",nursing home fall risk comparison,accident hazards; staffing; care plan,Connect resident need to data signals.,decision,98,codex-only,fall-risk-shortlist,/facility.html; /compare.html,https://www.cms.gov/medicare/health-safety-standards/enforcement/nursing-home-enforcement,Open NH-Data comparison tools,When Accident Hazards Matters More Than the Headline: A...,"nursing home fall risk comparison and accident hazards explained with official source context, practical comparison questions, internal links, and caregive",https://yoyangwon.com/blog/fall-risk-shortlist/,"For high fall risk, review accident-related citations, staffing coverage, call-light response, and how the facility updates care plans after a fall.",2026-06-19T11:00:00+09:00,deep-4
"Nursing Home Rehab After Surgery Explained Through Staffing, CMS Data, and Family Questions","A practical explanation of nursing home rehab after surgery, rehospitalization, official-source limits, and the follow-up checks that reduce guesswork.",nursing home rehab after surgery,SNF rehab; staffing; rehospitalization,Tailor search to short-stay rehab.,decision,94,codex-only,rehab-after-surgery,/compare.html; /enforcement.html,https://www.medicare.gov/coverage/nursing-home-care,Open NH-Data comparison tools,Nursing Home Rehab After Surgery Explained Through Staf...,"nursing home rehab after surgery and SNF rehab explained with official source context, practical comparison questions, internal links, and caregiver decisi",https://yoyangwon.com/blog/rehab-after-surgery/,"For post-surgery rehab, prioritize therapy availability, RN coverage, hospital transfer patterns, and whether short-stay quality measures align with the goal.",2026-06-19T16:00:00+09:00,deep-5
A Practical Long-Stay Nursing Home Comparison Framework for Reading Family Visits,"Use long-stay nursing home comparison with quality measures to read CMS-linked records, compare nearby facilities, and ask better next-step questions.",long-stay nursing home comparison,quality measures; staffing stability; family visits,Tailor to long-stay needs.,decision,94,codex-only,long-stay-resident-fit,/listings.html; /facility.html,https://www.medicaid.gov/medicaid/long-term-services-supports/index.html,Open NH-Data comparison tools,A Practical Long-Stay Nursing Home Comparison Framework...,"long-stay nursing home comparison and quality measures explained with official source context, practical comparison questions, internal links, and caregive",https://yoyangwon.com/blog/long-stay-resident-fit/,"Long-stay decisions should weigh staffing stability, repeated deficiencies, resident routines, distance, and whether the facility can support changing needs.",2026-06-19T21:00:00+09:00,deep-6
What Limited Facilities Reveals About Rural Nursing Home Comparison in a Nursing Home Record,"A people-first guide to rural nursing home comparison, county benchmark, source dates, internal comparisons, and practical caregiver decisions.",rural nursing home comparison,limited facilities; county benchmark; travel distance,Address low-choice markets.,decision,94,codex-only,rural-nursing-home-search,/facility.html; /compare.html,https://data.cms.gov/provider-data/,Open NH-Data comparison tools,What Limited Facilities Reveals About Rural Nursing Hom...,"rural nursing home comparison and limited facilities explained with official source context, practical comparison questions, internal links, and caregiver ",https://yoyangwon.com/blog/rural-nursing-home-search/,"In rural areas, the best comparison may include nearby counties. Use data to identify risks, then weigh distance and family access honestly.",2026-06-20T02:00:00+09:00,deep-7
Urban Nursing Home Search: The Ratings Questions to Ask Before a Tour,"How to connect urban nursing home search with inspection history so ratings, inspections, staffing, and payment details do not blur together.",urban nursing home search,filters; ratings; inspection history,Help high-choice markets.,decision,95,codex-only,urban-many-options,/compare.html; /enforcement.html,https://www.medicare.gov/care-compare/,Open NH-Data comparison tools,Urban Nursing Home Search: The Ratings Questions to Ask...,"urban nursing home search and filters explained with official source context, practical comparison questions, internal links, and caregiver decision checks",https://yoyangwon.com/blog/urban-many-options/,"In dense markets, start with must-have filters, then use inspection severity and staffing to reduce the list before touring.",2026-06-20T07:00:00+09:00,deep-8
Using Nursing Home Second Tour Questions and Caregiver Checklist Without Overreading the Data,"A calm, source-based walkthrough of nursing home second tour questions, inspection record, common mistakes, and what to verify before admission.",nursing home second tour questions,inspection record; staffing questions; caregiver checklist,Make data actionable.,decision,96,codex-only,second-tour-after-data,/listings.html; /facility.html,https://data.cms.gov/provider-data/,Open NH-Data comparison tools,Using Nursing Home Second Tour Questions and Caregiver...,"nursing home second tour questions and inspection record explained with official source context, practical comparison questions, internal links, and caregi",https://yoyangwon.com/blog/second-tour-after-data/,"A second tour should test what the data raised: staffing gaps, repeated citations, resident fit, and how leaders explain recent findings.",2026-06-20T12:00:00+09:00,deep-9
Same Star Rating Nursing Homes and Compare Staffing: How to Read the Nursing Home Decision,"Learn where same star rating nursing homes fits beside deficiencies, official CMS context, and the questions families should take to a facility.",same star rating nursing homes,compare staffing; deficiencies; location,Solve a common comparison issue.,comparison,97,codex-only,two-facilities-same-star,/facility.html; /compare.html,https://www.cms.gov/medicare/health-safety-standards/certification-compliance/five-star-quality-rating-system,Open NH-Data comparison tools,Same Star Rating Nursing Homes and Compare Staffing: Ho...,"same star rating nursing homes and compare staffing explained with official source context, practical comparison questions, internal links, and caregiver d",https://yoyangwon.com/blog/two-facilities-same-star/,"When two homes share a star rating, compare raw staffing, severe deficiency count, complaint history, distance, and whether one has a clearer correction pattern.",2026-06-20T17:00:00+09:00,deep-0
"Before You Trust Ratings, Read This Higher Rated Nursing Home Farther Away Guide","This guide turns higher rated nursing home farther away and distance into a concrete comparison process for tours, calls, and shortlist decisions.",higher rated nursing home farther away,family visits; ratings; distance,Balance quality and access.,comparison,98,codex-only,higher-rating-farther-away,/compare.html; /enforcement.html,https://acl.gov/ltc,Open NH-Data comparison tools,"Before You Trust Ratings, Read This Higher Rated Nursin...","higher rated nursing home farther away and family visits explained with official source context, practical comparison questions, internal links, and caregi",https://yoyangwon.com/blog/higher-rating-farther-away/,"A higher rating can be worth travel, but only if the difference is meaningful and family visits remain realistic.",2026-06-20T22:00:00+09:00,deep-1
For-Profit vs Nonprofit Nursing Home vs. Facility Comparison: What Families Should Compare First,"Read for-profit vs nonprofit nursing home alongside ownership type, source notes, and resident-specific needs before treating one signal as decisive.",for-profit vs nonprofit nursing home,ownership type; CMS data; facility comparison,Discuss ownership without overclaiming.,comparison,94,codex-only,for-profit-vs-nonprofit,/listings.html; /facility.html,https://data.cms.gov/provider-data/,Open NH-Data comparison tools,For-Profit vs Nonprofit Nursing Home vs. Facility Compa...,"for-profit vs nonprofit nursing home and ownership type explained with official source context, practical comparison questions, internal links, and caregiv",https://yoyangwon.com/blog/for-profit-vs-nonprofit/,"Ownership type is context, not a verdict. Compare it with staffing, deficiencies, and enforcement before drawing conclusions.",2026-06-21T03:00:00+09:00,deep-2
The Nursing Home Bed Count Quality Checklist for Facility Size and Safer Nursing Home Choices,"A practical explanation of nursing home bed count quality, staffing, official-source limits, and the follow-up checks that reduce guesswork.",nursing home bed count quality,facility size; staffing; occupancy,Explain facility size.,comparison,94,codex-only,bed-size-context,/facility.html; /compare.html,https://data.cms.gov/provider-data/,Open NH-Data comparison tools,The Nursing Home Bed Count Quality Checklist for Facili...,"nursing home bed count quality and facility size explained with official source context, practical comparison questions, internal links, and caregiver deci",https://yoyangwon.com/blog/bed-size-context/,"Bed count can affect feel, staffing complexity, and availability. It should be read beside occupancy, staffing hours, and inspection history.",2026-06-21T08:00:00+09:00,deep-3
When Beds Matters More Than the Headline: A Nursing Home Occupancy Rate Review,"Use nursing home occupancy rate with demand to read CMS-linked records, compare nearby facilities, and ask better next-step questions.",nursing home occupancy rate,beds; demand; staffing; local market,Interpret occupancy carefully.,comparison,94,codex-only,occupancy-rate-signal,/compare.html; /enforcement.html,https://data.cms.gov/provider-data/,Open NH-Data comparison tools,When Beds Matters More Than the Headline: A Nursing Hom...,"nursing home occupancy rate and beds explained with official source context, practical comparison questions, internal links, and caregiver decision checks.",https://yoyangwon.com/blog/occupancy-rate-signal/,"Occupancy is not a quality score. It can suggest demand or capacity issues, but families should ask why beds are open or waitlisted.",2026-06-21T13:00:00+09:00,deep-4
"Nearby Nursing Home Percentile Explained Through CMS Stars, CMS Data, and Family Questions","A people-first guide to nearby nursing home percentile, local ranking, source dates, internal comparisons, and practical caregiver decisions.",nearby nursing home percentile,local ranking; county comparison; CMS stars,Explain percentile use.,comparison,95,codex-only,nearby-facility-percentile,/listings.html; /facility.html,https://data.cms.gov/provider-data/,Open NH-Data comparison tools,Nearby Nursing Home Percentile Explained Through CMS St...,"nearby nursing home percentile and local ranking explained with official source context, practical comparison questions, internal links, and caregiver deci",https://yoyangwon.com/blog/nearby-facility-percentile/,A percentile places a facility among local peers. It is more useful than a raw rank when counties have different numbers of facilities.,2026-06-21T18:00:00+09:00,deep-5
A Practical Compare Three Nursing Homes Framework for Reading Shortlist,"How to connect compare three nursing homes with data review so ratings, inspections, staffing, and payment details do not blur together.",compare three nursing homes,shortlist; data review; caregiver decision,Encourage depth over overload.,comparison,96,codex-only,compare-three-not-ten,/facility.html; /compare.html,https://www.medicare.gov/care-compare/,Open NH-Data comparison tools,A Practical Compare Three Nursing Homes Framework for R...,"compare three nursing homes and shortlist explained with official source context, practical comparison questions, internal links, and caregiver decision ch",https://yoyangwon.com/blog/compare-three-not-ten/,"Three careful comparisons usually beat ten shallow ones. Use data to choose the three, then tour and call with specific questions.",2026-06-21T23:00:00+09:00,deep-6
What CTA Reveals About Nursing Home Scorecard in a Nursing Home Record,"A calm, source-based walkthrough of nursing home scorecard, rating, common mistakes, and what to verify before admission.",nursing home scorecard,rating; staffing; deficiencies; CTA,Provide a custom scorecard method.,comparison,97,codex-only,data-scorecard,/compare.html; /enforcement.html,https://data.cms.gov/provider-data/,Open NH-Data comparison tools,What CTA Reveals About Nursing Home Scorecard in a Nurs...,"nursing home scorecard and rating explained with official source context, practical comparison questions, internal links, and caregiver decision checks.",https://yoyangwon.com/blog/data-scorecard/,"A useful scorecard keeps severe findings visible instead of averaging them away. Separate rating, staffing, enforcement, fit, and distance.",2026-06-22T04:00:00+09:00,deep-7
Recent Complaint Nursing Home: The Compare Questions to Ask Before a Tour,"Learn where recent complaint nursing home fits beside complaint survey, official CMS context, and the questions families should take to a facility.",recent complaint nursing home,complaint survey; inspection record; compare,Use complaint context.,comparison,98,codex-only,compare-after-complaint,/listings.html; /facility.html,https://www.cms.gov/medicare/health-safety-standards/enforcement/nursing-home-enforcement,Open NH-Data comparison tools,Recent Complaint Nursing Home: The Compare Questions to...,"recent complaint nursing home and complaint survey explained with official source context, practical comparison questions, internal links, and caregiver de",https://yoyangwon.com/blog/compare-after-complaint/,"A recent complaint should trigger a deeper comparison: what was alleged, what surveyors found, severity, and whether the same issue appears elsewhere.",2026-06-22T09:00:00+09:00,deep-8
Using Best Nursing Home Near Me Data and Resident Risk Without Overreading the Data,"This guide turns best nursing home near me data and CMS comparison into a concrete comparison process for tours, calls, and shortlist decisions.",best nursing home near me data,resident risk; CMS comparison; local search,Reframe best-query intent.,comparison,94,codex-only,best-nursing-home-search,/facility.html; /compare.html,https://www.medicare.gov/care-compare/,Open NH-Data comparison tools,Using Best Nursing Home Near Me Data and Resident Risk...,"best nursing home near me data and resident risk explained with official source context, practical comparison questions, internal links, and caregiver deci",https://yoyangwon.com/blog/best-nursing-home-search/,"There is no universal best facility. The best match depends on medical needs, staffing needs, inspection concerns, payer fit, and visit access.",2026-06-22T14:00:00+09:00,deep-9
CMS Provider Data Catalog Nursing Home and Provider Information: How to Read the Nursing Home Decision,"Read CMS Provider Data Catalog nursing home alongside deficiencies, source notes, and resident-specific needs before treating one signal as decisive.",CMS Provider Data Catalog nursing home,public dataset; provider information; deficiencies,Explain data origin.,data,94,codex-only,cms-provider-data-catalog,/compare.html; /enforcement.html,https://data.cms.gov/provider-data/,Open NH-Data comparison tools,CMS Provider Data Catalog Nursing Home and Provider Inf...,"CMS Provider Data Catalog nursing home and public dataset explained with official source context, practical comparison questions, internal links, and careg",https://yoyangwon.com/blog/cms-provider-data-catalog/,"The CMS Provider Data Catalog is the starting point for many public nursing home datasets, including provider information and inspection records.",2026-06-22T19:00:00+09:00,deep-0
"Before You Trust Public Reporting, Read This Nursing Home Data Lag Guide","A practical explanation of nursing home data lag, CMS refresh, official-source limits, and the follow-up checks that reduce guesswork.",nursing home data lag,CMS refresh; survey date; public reporting,Explain lag.,data,94,codex-only,why-data-lags,/listings.html; /facility.html,https://data.cms.gov/provider-data/,Open NH-Data comparison tools,"Before You Trust Public Reporting, Read This Nursing Ho...","nursing home data lag and CMS refresh explained with official source context, practical comparison questions, internal links, and caregiver decision checks",https://yoyangwon.com/blog/why-data-lags/,"Public nursing home data is published after collection, processing, and reporting. It is useful, but not real-time.",2026-06-23T00:00:00+09:00,deep-1
Nursing Home Name Change vs. Provider Number: What Families Should Compare First,"Use nursing home name change with ownership to read CMS-linked records, compare nearby facilities, and ask better next-step questions.",nursing home name change,provider number; ownership; CMS data,Explain identity tracking.,data,95,codex-only,facility-name-changes,/facility.html; /compare.html,https://data.cms.gov/provider-data/,Open NH-Data comparison tools,Nursing Home Name Change vs. Provider Number: What Fami...,"nursing home name change and provider number explained with official source context, practical comparison questions, internal links, and caregiver decision",https://yoyangwon.com/blog/facility-name-changes/,A facility name can change while the provider number and address connect records over time. Search carefully before assuming a record disappeared.,2026-06-23T05:00:00+09:00,deep-2
The CMS Certification Number Nursing Home Checklist for Provider Number and Safer Nursing Home Choices,"A people-first guide to CMS certification number nursing home, facility record, source dates, internal comparisons, and practical caregiver decisions.",CMS certification number nursing home,CCN; provider number; facility record,Explain CCN.,data,96,codex-only,ccn-provider-number,/compare.html; /enforcement.html,https://data.cms.gov/provider-data/,Open NH-Data comparison tools,The CMS Certification Number Nursing Home Checklist for...,"CMS certification number nursing home and CCN explained with official source context, practical comparison questions, internal links, and caregiver decisio",https://yoyangwon.com/blog/ccn-provider-number/,A CMS Certification Number helps identify a certified facility across datasets. It is often more reliable than a marketing name.,2026-06-23T10:00:00+09:00,deep-3
When Article Date Matters More Than the Headline: A Source Date Nursing Home Data Review,"How to connect source date nursing home data with last updated so ratings, inspections, staffing, and payment details do not blur together.",source date nursing home data,last updated; CMS data date; article date,Clarify dates.,data,97,codex-only,source-date-vs-page-date,/listings.html; /facility.html,https://data.cms.gov/provider-data/,Open NH-Data comparison tools,When Article Date Matters More Than the Headline: A Sou...,"source date nursing home data and last updated explained with official source context, practical comparison questions, internal links, and caregiver decisi",https://yoyangwon.com/blog/source-date-vs-page-date/,The page update date tells you when a site changed. The source date tells you when the underlying CMS data was current.,2026-06-23T15:00:00+09:00,deep-4
"Nursing Home Data Correction Explained Through Correction Request, CMS Data, and Family Questions","A calm, source-based walkthrough of nursing home data correction, CMS source, common mistakes, and what to verify before admission.",nursing home data correction,correction request; CMS source; facility record,Explain correction workflow.,data,98,codex-only,correction-request,/facility.html; /compare.html,https://data.cms.gov/provider-data/,Open NH-Data comparison tools,Nursing Home Data Correction Explained Through Correcti...,"nursing home data correction and correction request explained with official source context, practical comparison questions, internal links, and caregiver d",https://yoyangwon.com/blog/correction-request/,"If a record looks wrong, save the page, source date, facility identifier, and the specific field. A correction request should be precise.",2026-06-23T20:00:00+09:00,deep-5
A Practical Sample Nursing Home Data Framework for Reading Public Data,"Learn where sample nursing home data fits beside source label, official CMS context, and the questions families should take to a facility.",sample nursing home data,prototype; public data; source label,Educate about prototypes.,data,94,codex-only,sample-data-warning,/compare.html; /enforcement.html,https://data.cms.gov/provider-data/,Open NH-Data comparison tools,A Practical Sample Nursing Home Data Framework for Read...,"sample nursing home data and prototype explained with official source context, practical comparison questions, internal links, and caregiver decision check",https://yoyangwon.com/blog/sample-data-warning/,"Sample data can demonstrate a tool, but it should be clearly labeled. Do not use sample figures for a real placement decision.",2026-06-24T01:00:00+09:00,deep-6
What Facility Records Reveals About Public Nursing Home Data Privacy in a Nursing Home Record,"This guide turns public nursing home data privacy and CMS public data into a concrete comparison process for tours, calls, and shortlist decisions.",public nursing home data privacy,CMS public data; resident privacy; facility records,Clarify privacy boundary.,data,94,codex-only,public-data-privacy,/listings.html; /facility.html,https://data.cms.gov/provider-data/,Open NH-Data comparison tools,What Facility Records Reveals About Public Nursing Home...,"public nursing home data privacy and CMS public data explained with official source context, practical comparison questions, internal links, and caregiver ",https://yoyangwon.com/blog/public-data-privacy/,CMS public datasets describe facility performance and compliance. They should not expose private resident medical records.,2026-06-24T06:00:00+09:00,deep-7
Nursing Home Dataset Dashboard: The CMS Data Questions to Ask Before a Tour,"Read nursing home dataset dashboard alongside public dashboard, source notes, and resident-specific needs before treating one signal as decisive.",nursing home dataset dashboard,CMS data; public dashboard; source records,Compare source formats.,data,94,codex-only,download-vs-dashboard,/facility.html; /compare.html,https://data.cms.gov/provider-data/,Open NH-Data comparison tools,Nursing Home Dataset Dashboard: The CMS Data Questions...,"nursing home dataset dashboard and CMS data explained with official source context, practical comparison questions, internal links, and caregiver decision ",https://yoyangwon.com/blog/download-vs-dashboard/,Dashboards are easier to read; datasets are easier to audit. The best tools explain how the dashboard maps back to the source.,2026-06-24T11:00:00+09:00,deep-8
Using Nursing Home Methodology Page and CMS Source Without Overreading the Data,"A practical explanation of nursing home methodology page, transparency, official-source limits, and the follow-up checks that reduce guesswork.",nursing home methodology page,ranking method; CMS source; transparency,Promote methodology checks.,data,95,codex-only,methodology-page-check,/compare.html; /enforcement.html,https://data.cms.gov/provider-data/,Open NH-Data comparison tools,Using Nursing Home Methodology Page and CMS Source With...,"nursing home methodology page and ranking method explained with official source context, practical comparison questions, internal links, and caregiver deci",https://yoyangwon.com/blog/methodology-page-check/,"A ranking without methodology is hard to trust. Look for source names, dates, weighting, exclusions, and correction paths.",2026-06-24T16:00:00+09:00,deep-9
Care Compare Nursing Home and CMS Ratings: How to Read the Nursing Home Decision,"Use Care Compare nursing home with Medicare.gov to read CMS-linked records, compare nearby facilities, and ask better next-step questions.",Care Compare nursing home,Medicare.gov; facility search; CMS ratings,Define Care Compare.,glossary,96,codex-only,care-compare-definition,/listings.html; /facility.html,https://www.medicare.gov/care-compare/,Open NH-Data comparison tools,Care Compare Nursing Home and CMS Ratings: How to Read...,"Care Compare nursing home and Medicare.gov explained with official source context, practical comparison questions, internal links, and caregiver decision c",https://yoyangwon.com/blog/care-compare-definition/,"Care Compare is Medicare's public tool for comparing providers, including nursing homes. Use it as a source, not the only decision step.",2026-06-24T21:00:00+09:00,deep-0
"Before You Trust SFF, Read This Special Focus Facility Definition Guide","A people-first guide to Special Focus Facility definition, nursing home oversight, source dates, internal comparisons, and practical caregiver decisions.",Special Focus Facility definition,SFF; nursing home oversight; CMS,Define SFF separately from prior article angle.,glossary,97,codex-only,special-focus-facility-definition,/facility.html; /compare.html,https://www.cms.gov/medicare/health-safety-standards/enforcement/nursing-home-enforcement,Open NH-Data comparison tools,"Before You Trust SFF, Read This Special Focus Facility...","Special Focus Facility definition and SFF explained with official source context, practical comparison questions, internal links, and caregiver decision ch",https://yoyangwon.com/blog/special-focus-facility-definition/,A Special Focus Facility is a nursing home identified for a pattern of serious quality issues and closer oversight.,2026-06-25T02:00:00+09:00,deep-1
Abuse Icon Definition vs. CMS Nursing Home Abuse Icon: What Families Should Compare First,"How to connect abuse icon definition with inspection citation so ratings, inspections, staffing, and payment details do not blur together.",abuse icon definition,CMS nursing home abuse icon; inspection citation,Define abuse icon.,glossary,98,codex-only,abuse-icon-definition,/compare.html; /enforcement.html,https://www.cms.gov/medicare/health-safety-standards/certification-compliance/five-star-quality-rating-system,Open NH-Data comparison tools,Abuse Icon Definition vs. CMS Nursing Home Abuse Icon:...,"abuse icon definition and CMS nursing home abuse icon explained with official source context, practical comparison questions, internal links, and caregiver",https://yoyangwon.com/blog/abuse-icon-definition/,The abuse icon is a CMS indicator tied to certain abuse-related citations. It should lead you to the inspection details.,2026-06-25T07:00:00+09:00,deep-2
The Quality Measure Nursing Home Checklist for CMS Rating Domain and Safer Nursing Home Choices,"A calm, source-based walkthrough of quality measure nursing home, MDS, common mistakes, and what to verify before admission.",quality measure nursing home,MDS; claims; CMS rating domain,Define QM.,glossary,94,codex-only,quality-measure-definition,/listings.html; /facility.html,https://www.cms.gov/medicare/health-safety-standards/certification-compliance/five-star-quality-rating-system,Open NH-Data comparison tools,The Quality Measure Nursing Home Checklist for CMS Rati...,"quality measure nursing home and MDS explained with official source context, practical comparison questions, internal links, and caregiver decision checks.",https://yoyangwon.com/blog/quality-measure-definition/,"Quality measures summarize certain resident outcomes and clinical indicators. They are useful, but not a substitute for inspection and staffing review.",2026-06-25T12:00:00+09:00,deep-3
When Surveyors Matters More Than the Headline: A Health Inspection Rating Nursing Home Review,"Learn where health inspection rating nursing home fits beside deficiencies, official CMS context, and the questions families should take to a facility.",health inspection rating nursing home,surveyors; deficiencies; CMS star,Define inspection rating.,glossary,94,codex-only,health-inspection-definition,/facility.html; /compare.html,https://www.cms.gov/medicare/health-safety-standards/certification-compliance/five-star-quality-rating-system,Open NH-Data comparison tools,When Surveyors Matters More Than the Headline: A Health...,"health inspection rating nursing home and surveyors explained with official source context, practical comparison questions, internal links, and caregiver d",https://yoyangwon.com/blog/health-inspection-definition/,The health inspection rating reflects survey findings and complaint investigations over a defined period.,2026-06-25T17:00:00+09:00,deep-4
"Staffing Rating Nursing Home Explained Through Nurse Hours, CMS Data, and Family Questions","This guide turns staffing rating nursing home and turnover into a concrete comparison process for tours, calls, and shortlist decisions.",staffing rating nursing home,PBJ; nurse hours; turnover,Define staffing rating.,glossary,94,codex-only,staffing-rating-definition,/compare.html; /enforcement.html,https://www.cms.gov/medicare/health-safety-standards/certification-compliance/five-star-quality-rating-system,Open NH-Data comparison tools,Staffing Rating Nursing Home Explained Through Nurse Ho...,"staffing rating nursing home and PBJ explained with official source context, practical comparison questions, internal links, and caregiver decision checks.",https://yoyangwon.com/blog/staffing-rating-definition/,The staffing rating summarizes staffing-related measures such as reported nurse hours and related staffing data.,2026-06-25T22:00:00+09:00,deep-5
A Practical Civil Money Penalty Definition Framework for Reading Nursing Home Fine,"Read civil money penalty definition alongside CMP, source notes, and resident-specific needs before treating one signal as decisive.",civil money penalty definition,CMP; CMS enforcement; nursing home fine,Define CMP.,glossary,95,codex-only,civil-money-penalty-definition,/listings.html; /facility.html,https://www.cms.gov/medicare/health-safety-standards/enforcement/nursing-home-enforcement,Open NH-Data comparison tools,A Practical Civil Money Penalty Definition Framework fo...,"civil money penalty definition and CMP explained with official source context, practical comparison questions, internal links, and caregiver decision check",https://yoyangwon.com/blog/civil-money-penalty-definition/,A civil money penalty is a financial enforcement remedy CMS may impose when a nursing home is out of compliance.,2026-06-26T03:00:00+09:00,deep-6
What Survey Type Reveals About Complaint Investigation Nursing Home in a Nursing Home Record,"A practical explanation of complaint investigation nursing home, CMS record, official-source limits, and the follow-up checks that reduce guesswork.",complaint investigation nursing home,survey type; CMS record; allegation,Define complaint investigation.,glossary,96,codex-only,complaint-investigation-definition,/facility.html; /compare.html,https://www.cms.gov/medicare/health-safety-standards/enforcement/nursing-home-enforcement,Open NH-Data comparison tools,What Survey Type Reveals About Complaint Investigation...,"complaint investigation nursing home and survey type explained with official source context, practical comparison questions, internal links, and caregiver ",https://yoyangwon.com/blog/complaint-investigation-definition/,A complaint investigation is a survey activity triggered by a reported concern. The result may or may not substantiate the concern.,2026-06-26T08:00:00+09:00,deep-7
Nursing Home Deficiency Definition: The F-tag Questions to Ask Before a Tour,"Use nursing home deficiency definition with scope severity to read CMS-linked records, compare nearby facilities, and ask better next-step questions.",nursing home deficiency definition,citation; F-tag; scope severity,Define deficiency.,glossary,97,codex-only,deficiency-definition,/compare.html; /enforcement.html,https://www.cms.gov/medicare/health-safety-standards/enforcement/nursing-home-enforcement,Open NH-Data comparison tools,Nursing Home Deficiency Definition: The F-tag Questions...,"nursing home deficiency definition and citation explained with official source context, practical comparison questions, internal links, and caregiver decis",https://yoyangwon.com/blog/deficiency-definition/,"A deficiency is a cited failure to meet a federal nursing home requirement. Read the F-tag, scope, severity, and date together.",2026-06-26T13:00:00+09:00,deep-8
Using Resident Day Nursing Home Staffing and Staffing Comparison Without Overreading the Data,"A people-first guide to resident day nursing home staffing, hours per resident day, source dates, internal comparisons, and practical caregiver decisions.",resident day nursing home staffing,hours per resident day; PBJ; staffing comparison,Define resident day.,glossary,98,codex-only,resident-day-definition,/listings.html; /facility.html,https://data.cms.gov/provider-data/,Open NH-Data comparison tools,Using Resident Day Nursing Home Staffing and Staffing C...,"resident day nursing home staffing and hours per resident day explained with official source context, practical comparison questions, internal links, and c",https://yoyangwon.com/blog/resident-day-definition/,Staffing data often uses hours per resident day so facilities of different sizes can be compared more fairly.,2026-06-26T18:00:00+09:00,deep-9
Nursing Home Inspection Report Tour and Facility Tour: How to Read the Nursing Home Decision,"How to connect nursing home inspection report tour with CMS citations so ratings, inspections, staffing, and payment details do not blur together.",nursing home inspection report tour,facility tour; CMS citations; caregiver questions,Make tours evidence-based.,tour,94,codex-only,bring-inspection-report,/facility.html; /compare.html,https://www.cms.gov/medicare/health-safety-standards/enforcement/nursing-home-enforcement,Open NH-Data comparison tools,Nursing Home Inspection Report Tour and Facility Tour:...,"nursing home inspection report tour and facility tour explained with official source context, practical comparison questions, internal links, and caregiver",https://yoyangwon.com/blog/bring-inspection-report/,"A tour is more useful when you bring the record. Ask leaders to explain recent findings, staffing numbers, and how corrections were sustained.",2026-06-26T23:00:00+09:00,deep-0
"Before You Trust Facility Administrator, Read This Repeated Citations Tour Questions Guide","A calm, source-based walkthrough of repeated citations tour questions, caregiver, common mistakes, and what to verify before admission.",repeated citations tour questions,inspection findings; facility administrator; caregiver,Give wording for sensitive questions.,tour,94,codex-only,ask-about-repeated-citations,/compare.html; /enforcement.html,https://www.cms.gov/medicare/health-safety-standards/enforcement/nursing-home-enforcement,Open NH-Data comparison tools,"Before You Trust Facility Administrator, Read This Repe...","repeated citations tour questions and inspection findings explained with official source context, practical comparison questions, internal links, and careg",https://yoyangwon.com/blog/ask-about-repeated-citations/,Neutral wording gets better answers: ask what changed after repeated findings and what the facility monitors now.,2026-06-27T04:00:00+09:00,deep-1
Nursing Home Staffing Schedule Questions vs. RN Coverage: What Families Should Compare First,"Learn where nursing home staffing schedule questions fits beside weekend staffing, official CMS context, and the questions families should take to a facility.",nursing home staffing schedule questions,weekend staffing; night shift; RN coverage,Turn staffing data into tour questions.,tour,94,codex-only,ask-about-staffing-schedule,/listings.html; /facility.html,https://data.cms.gov/provider-data/,Open NH-Data comparison tools,Nursing Home Staffing Schedule Questions vs. RN Coverag...,"nursing home staffing schedule questions and weekend staffing explained with official source context, practical comparison questions, internal links, and c",https://yoyangwon.com/blog/ask-about-staffing-schedule/,"Do not ask only for today's staffing. Ask how coverage changes on weekends, nights, and high-admission days.",2026-06-27T09:00:00+09:00,deep-2
The Nursing Home Care Plan Updates Checklist for Falls and Safer Nursing Home Choices,"This guide turns nursing home care plan updates and pressure injuries into a concrete comparison process for tours, calls, and shortlist decisions.",nursing home care plan updates,falls; pressure injuries; resident needs,Connect care planning to data.,tour,95,codex-only,ask-about-care-plan-updates,/facility.html; /compare.html,https://acl.gov/ltc,Open NH-Data comparison tools,The Nursing Home Care Plan Updates Checklist for Falls...,"nursing home care plan updates and falls explained with official source context, practical comparison questions, internal links, and caregiver decision che",https://yoyangwon.com/blog/ask-about-care-plan-updates/,"Ask who updates care plans, how families are notified, and what happens after falls, infections, or hospital returns.",2026-06-27T14:00:00+09:00,deep-3
When Resident Voice Matters More Than the Headline: A Resident Council Nursing Home Review,"Read resident council nursing home alongside facility culture, source notes, and resident-specific needs before treating one signal as decisive.",resident council nursing home,family feedback; resident voice; facility culture,Add qualitative checks.,tour,96,codex-only,ask-resident-council,/compare.html; /enforcement.html,https://acl.gov/ltc,Open NH-Data comparison tools,When Resident Voice Matters More Than the Headline: A R...,"resident council nursing home and family feedback explained with official source context, practical comparison questions, internal links, and caregiver dec",https://yoyangwon.com/blog/ask-resident-council/,Public data cannot show every culture issue. Ask whether the facility has resident and family feedback channels and how concerns are tracked.,2026-06-27T19:00:00+09:00,deep-4
"Nursing Home Meal Observation Explained Through Resident Dignity, CMS Data, and Family Questions","A practical explanation of nursing home meal observation, dining, official-source limits, and the follow-up checks that reduce guesswork.",nursing home meal observation,dining; staffing; resident dignity,Offer a practical observation.,tour,97,codex-only,meal-observation,/listings.html; /facility.html,https://acl.gov/ltc,Open NH-Data comparison tools,Nursing Home Meal Observation Explained Through Residen...,"nursing home meal observation and dining explained with official source context, practical comparison questions, internal links, and caregiver decision che",https://yoyangwon.com/blog/meal-observation/,"Meal time can reveal staffing, dignity, infection control habits, and how residents with different needs are supported.",2026-06-28T00:00:00+09:00,deep-5
A Practical Call Light Response Nursing Home Framework for Reading Staffing,"Use call light response nursing home with resident safety to read CMS-linked records, compare nearby facilities, and ask better next-step questions.",call light response nursing home,staffing; resident safety; tour,Tie observation to staffing.,tour,98,codex-only,call-light-response,/facility.html; /compare.html,https://data.cms.gov/provider-data/,Open NH-Data comparison tools,A Practical Call Light Response Nursing Home Framework...,"call light response nursing home and staffing explained with official source context, practical comparison questions, internal links, and caregiver decisio",https://yoyangwon.com/blog/call-light-response/,Ask how call-light response is monitored and observe whether residents seem able to get help without repeated delays.,2026-06-28T05:00:00+09:00,deep-6
What Therapy Schedule Reveals About Nursing Home Therapy Gym Questions in a Nursing Home Record,"A people-first guide to nursing home therapy gym questions, discharge plan, source dates, internal comparisons, and practical caregiver decisions.",nursing home therapy gym questions,SNF rehab; therapy schedule; discharge plan,Tour for rehab.,tour,94,codex-only,therapy-gym-questions,/compare.html; /enforcement.html,https://www.medicare.gov/coverage/nursing-home-care,Open NH-Data comparison tools,What Therapy Schedule Reveals About Nursing Home Therap...,"nursing home therapy gym questions and SNF rehab explained with official source context, practical comparison questions, internal links, and caregiver deci",https://yoyangwon.com/blog/therapy-gym-questions/,"For rehab, ask about therapy frequency, weekend coverage, discharge planning, and how nursing communicates with therapy staff.",2026-06-28T10:00:00+09:00,deep-7
Nursing Home Medication Management Questions: The Antipsychotics Questions to Ask Before a Tour,"How to connect nursing home medication management questions with pharmacy so ratings, inspections, staffing, and payment details do not blur together.",nursing home medication management questions,pharmacy; nurse review; antipsychotics,Cover medication safety.,tour,94,codex-only,medication-management-questions,/listings.html; /facility.html,https://www.cms.gov/medicare/health-safety-standards/certification-compliance/five-star-quality-rating-system,Open NH-Data comparison tools,Nursing Home Medication Management Questions: The Antip...,"nursing home medication management questions and pharmacy explained with official source context, practical comparison questions, internal links, and careg",https://yoyangwon.com/blog/medication-management-questions/,"Ask how medications are reviewed, how changes are communicated, and how the facility handles high-risk drugs.",2026-06-28T15:00:00+09:00,deep-8
Using Nursing Home After Hours Contact and Family Notification Without Overreading the Data,"A calm, source-based walkthrough of nursing home after hours contact, night shift, common mistakes, and what to verify before admission.",nursing home after hours contact,family notification; night shift; urgent change,Prepare family communication.,tour,94,codex-only,after-hours-contact,/facility.html; /compare.html,https://acl.gov/ltc,Open NH-Data comparison tools,Using Nursing Home After Hours Contact and Family Notif...,"nursing home after hours contact and family notification explained with official source context, practical comparison questions, internal links, and caregi",https://yoyangwon.com/blog/after-hours-contact/,"Before admission, ask exactly who calls families after hours, for what events, and how quickly messages are returned.",2026-06-28T20:00:00+09:00,deep-9
